{
  "qwen2.5-coder:1.5b|easy": {
    "F": [
      0.0,
      0.03636363636363649,
      0.07272727272727297,
      0.10909090909090946,
      0.12727272727272732,
      0.14545454545454584,
      0.2000000000000003,
      0.21818181818181837,
      0.25454545454545463,
      0.29090909090909123,
      0.36363636363636387,
      0.38181818181818183,
      0.40000000000000013,
      0.4181818181818183,
      0.4545454545454546,
      0.4727272727272728,
      0.4909090909090911,
      0.5090909090909093,
      0.5272727272727273,
      0.5454545454545456,
      0.5636363636363637,
      0.581818181818182,
      0.6000000000000001,
      0.6181818181818183,
      0.6545454545454548,
      0.6727272727272728,
      0.6909090909090909,
      0.7090909090909092,
      0.7272727272727273,
      0.7454545454545456,
      0.7636363636363637,
      0.8,
      0.8181818181818181,
      0.8363636363636364,
      0.8545454545454546,
      0.8727272727272728,
      0.8909090909090909,
      0.8909090909090909,
      0.9127272727272727,
      0.9127272727272727,
      0.9127272727272727,
      0.9563636363636363,
      0.9563636363636363
    ],
    "grid": [
      0.0,
      17.0,
      19.0,
      21.0,
      22.0,
      23.0,
      24.0,
      25.0,
      26.0,
      27.0,
      29.0,
      30.0,
      32.0,
      36.0,
      38.0,
      40.0,
      41.0,
      45.0,
      49.0,
      50.0,
      53.0,
      55.0,
      57.0,
      61.0,
      62.0,
      75.0,
      77.0,
      80.0,
      87.0,
      93.0,
      99.0,
      103.0,
      104.0,
      105.0,
      120.0,
      139.0,
      155.0,
      174.0,
      271.0,
      341.0,
      360.0,
      411.0,
      786.0
    ]
  },
  "qwen2.5-coder:1.5b|hard": {
    "F": [
      0.0,
      0.0181818181818183,
      0.03636363636363649,
      0.054545454545454564,
      0.07272727272727297,
      0.09090909090909127,
      0.10909090909090946,
      0.12727272727272732,
      0.14545454545454584,
      0.1636363636363638,
      0.1818181818181821,
      0.2000000000000003,
      0.21818181818181837,
      0.23636363636363644,
      0.25454545454545463,
      0.27272727272727293,
      0.29090909090909123,
      0.3090909090909093,
      0.3272727272727275,
      0.3454545454545457,
      0.38181818181818183,
      0.40000000000000013,
      0.4181818181818183,
      0.4363636363636365,
      0.4545454545454546,
      0.4727272727272728,
      0.4909090909090911,
      0.5090909090909093,
      0.5272727272727273,
      0.5454545454545456,
      0.5636363636363637,
      0.581818181818182,
      0.6000000000000001,
      0.6181818181818183,
      0.6363636363636365,
      0.6545454545454548,
      0.6545454545454548,
      0.6545454545454548,
      0.674866310160428,
      0.674866310160428,
      0.674866310160428,
      0.6980901451489688,
      0.6980901451489688,
      0.6980901451489688,
      0.6980901451489688,
      0.6980901451489688,
      0.7316356845768612,
      0.7651812240047535,
      0.7651812240047535,
      0.7651812240047535,
      0.7651812240047535,
      0.7651812240047535,
      0.7651812240047535,
      0.7651812240047535
    ],
    "grid": [
      0.0,
      26.0,
      57.0,
      58.0,
      71.0,
      75.0,
      76.0,
      79.0,
      81.0,
      88.0,
      94.0,
      96.0,
      101.0,
      102.0,
      104.0,
      106.0,
      108.0,
      117.0,
      136.0,
      137.0,
      144.0,
      147.0,
      148.0,
      153.0,
      162.0,
      181.0,
      204.0,
      234.0,
      253.0,
      256.0,
      266.0,
      268.0,
      281.0,
      288.0,
      306.0,
      325.0,
      416.0,
      446.0,
      454.0,
      550.0,
      592.0,
      680.0,
      699.0,
      705.0,
      765.0,
      893.0,
      894.0,
      1122.0,
      1211.0,
      1282.0,
      1391.0,
      1746.0,
      3041.0,
      3213.0
    ]
  },
  "qwen2.5-coder:1.5b|medium": {
    "F": [
      0.0,
      0.01851851851851849,
      0.03703703703703698,
      0.05555555555555569,
      0.09259259259259289,
      0.11111111111111105,
      0.12962962962962987,
      0.14814814814814825,
      0.16666666666666685,
      0.18518518518518545,
      0.20370370370370383,
      0.2407407407407407,
      0.2592592592592594,
      0.277777777777778,
      0.3333333333333335,
      0.3518518518518521,
      0.37037037037037035,
      0.40740740740740744,
      0.42592592592592604,
      0.4444444444444444,
      0.462962962962963,
      0.4814814814814816,
      0.5,
      0.5185185185185186,
      0.5370370370370372,
      0.5555555555555556,
      0.5740740740740742,
      0.5925925925925926,
      0.6111111111111112,
      0.6296296296296298,
      0.6481481481481483,
      0.6666666666666667,
      0.6851851851851851,
      0.7037037037037037,
      0.7222222222222223,
      0.7407407407407408,
      0.7592592592592593,
      0.7592592592592593,
      0.779320987654321,
      0.779320987654321,
      0.779320987654321,
      0.779320987654321,
      0.779320987654321,
      0.779320987654321,
      0.779320987654321,
      0.779320987654321,
      0.8344907407407407,
      0.8344907407407407,
      0.8344907407407407,
      0.8344907407407407
    ],
    "grid": [
      0.0,
      36.0,
      38.0,
      42.0,
      43.0,
      45.0,
      52.0,
      53.0,
      54.0,
      55.0,
      57.0,
      58.0,
      60.0,
      68.0,
      69.0,
      71.0,
      75.0,
      79.0,
      82.0,
      83.0,
      92.0,
      93.0,
      113.0,
      128.0,
      136.0,
      143.0,
      151.0,
      166.0,
      205.0,
      232.0,
      236.0,
      241.0,
      271.0,
      281.0,
      283.0,
      325.0,
      354.0,
      366.0,
      368.0,
      371.0,
      387.0,
      414.0,
      480.0,
      517.0,
      552.0,
      614.0,
      708.0,
      780.0,
      996.0,
      1021.0
    ]
  },
  "qwen2.5-coder:32b|easy": {
    "F": [
      0.0,
      0.03636363636363649,
      0.054545454545454564,
      0.09090909090909127,
      0.14545454545454584,
      0.2000000000000003,
      0.25454545454545463,
      0.27272727272727293,
      0.29090909090909123,
      0.3090909090909093,
      0.38181818181818183,
      0.4181818181818183,
      0.4363636363636365,
      0.4545454545454546,
      0.4727272727272728,
      0.4909090909090911,
      0.5090909090909093,
      0.5272727272727273,
      0.5454545454545456,
      0.5636363636363637,
      0.581818181818182,
      0.6000000000000001,
      0.6181818181818183,
      0.6363636363636365,
      0.6727272727272728,
      0.6909090909090909,
      0.7090909090909092,
      0.7272727272727273,
      0.7454545454545456,
      0.7636363636363637,
      0.7818181818181819,
      0.8,
      0.8181818181818181,
      0.8181818181818181,
      0.8181818181818181,
      0.8181818181818181,
      0.8181818181818181,
      0.8181818181818181,
      0.8181818181818181,
      0.8181818181818181,
      0.8181818181818181,
      0.8181818181818181,
      0.8181818181818181
    ],
    "grid": [
      0.0,
      13.0,
      18.0,
      19.0,
      20.0,
      22.0,
      24.0,
      25.0,
      26.0,
      28.0,
      29.0,
      32.0,
      37.0,
      39.0,
      40.0,
      42.0,
      43.0,
      44.0,
      45.0,
      49.0,
      51.0,
      55.0,
      56.0,
      60.0,
      65.0,
      67.0,
      79.0,
      80.0,
      86.0,
      99.0,
      109.0,
      131.0,
      155.0,
      182.0,
      248.0,
      292.0,
      338.0,
      343.0,
      348.0,
      427.0,
      475.0,
      511.0,
      688.0
    ]
  },