{
  "qwen2.5-coder:1.5b|easy": {
    "accuracy": 0.9272727272727272,
    "ci95_hi": 104.54583333333326,
    "ci95_lo": 56.964285714285694,
    "ci_hi": 88.62688172043006,
    "ci_lo": 66.0,
    "n": 55,
    "n_solved": 51,
    "tau_argmin": 30.0,
    "tau_star": 78.57142857142857
  },
  "qwen2.5-coder:1.5b|hard": {
    "accuracy": 0.7272727272727273,
    "ci95_hi": 457.0156249999998,
    "ci95_lo": 254.37499999999991,
    "ci_hi": 387.6190476190476,
    "ci_lo": 288.7499999999999,
    "n": 55,
    "n_solved": 40,
    "tau_argmin": 153.0,
    "tau_star": 350.6249999999999
  },
  "qwen2.5-coder:1.5b|medium": {
    "accuracy": 0.7962962962962963,
    "ci95_hi": 251.10000000000002,
    "ci95_lo": 140.0625,
    "ci_hi": 213.4285714285714,
    "ci_lo": 159.75,
    "n": 54,
    "n_solved": 43,
    "tau_argmin": 83.0,
    "tau_star": 186.75
  },
  "qwen2.5-coder:32b|easy": {
    "accuracy": 0.8181818181818182,
    "ci95_hi": 99.81481481481478,
    "ci95_lo": 56.964285714285694,
    "ci_hi": 86.5096774193548,
    "ci_lo": 63.8,
    "n": 55,
    "n_solved": 45,
    "tau_argmin": 29.0,
    "tau_star": 75.95238095238095
  },
  "qwen2.5-coder:32b|hard": {
    "accuracy": 0.8181818181818182,
    "ci95_hi": 305.83208333333323,
    "ci95_lo": 189.83870967741933,
    "ci_hi": 267.6666666666666,
    "ci_lo": 212.5345345345345,
    "n": 55,
    "n_solved": 45,
    "tau_argmin": 148.0,
    "tau_star": 246.66666666666663
  },
  "qwen2.5-coder:32b|medium": {
    "accuracy": 0.9444444444444444,
    "ci95_hi": 155.26298076923075,
    "ci95_lo": 106.64822368421052,
    "ci_hi": 141.75,
    "ci_lo": 117.36983850931674,
    "n": 54,
    "n_solved": 51,
    "tau_argmin": 84.0,
    "tau_star": 133.41176470588232
  },
  "qwen2.5-coder:7b|easy": {
    "accuracy": 0.9454545454545454,
    "ci95_hi": 119.16666666666663,
    "ci95_lo": 63.46153846153845,
    "ci_hi": 102.14285714285711,
    "ci_lo": 72.49999999999997,
    "n": 55,
    "n_solved": 52,
    "tau_argmin": 30.0,
    "tau_star": 86.84210526315783
  },
  "qwen2.5-coder:7b|hard": {
    "accuracy": 0.8181818181818182,
    "ci95_hi": 298.37499999999983,
    "ci95_lo": 182.2285714285714,
    "ci_hi": 262.1666666666666,
    "ci_lo": 204.9724137931034,
    "n": 55,
    "n_solved": 45,
    "tau_argmin": 117.0,
    "tau_star": 238.33333333333326
  },
  "qwen2.5-coder:7b|medium": {
    "accuracy": 0.9629629629629629,
    "ci95_hi": 145.79999999999998,
    "ci95_lo": 101.72093023255815,
    "ci_hi": 132.54545454545453,
    "ci_lo": 109.38461538461537,
    "n": 54,
    "n_solved": 52,
    "tau_argmin": 81.0,
    "tau_star": 121.49999999999999
  }
}
